debtor_id,name,address,phone,email,risk_score,total_outstanding_balance,status,last_contact_date,preferred_contact_method
D001,John Doe,123 Elm St,555-1234,john.doe@example.com,75,5000,active,2024-09-25,phone
D002,Jane Smith,456 Oak Ave,555-5678,jane.smith@example.com,60,3000,active,2024-09-20,email
D003,Bob Johnson,789 Pine Rd,555-9012,bob.johnson@example.com,90,7000,defaulted,2024-09-15,SMS
card,spend,seem,increase,pull,49489,65956,open,out,serious
today,difficult,play,development,mission,61264,22463,take,nothing,thing
hope,mouth,cause,mission,together,76640,23579,conference,game,design
space,design,somebody,must,break,41920,52646,general,reason,lay
agent,note,usually,Congress,one,95135,84664,board,practice,seven
international,program,degree,opportunity,skin,88957,24042,bed,pick,seven
though,word,know,wife,number,94195,85590,improve,blue,source
rule,poor,fear,usually,money,88300,20775,interview,effort,wish
answer,article,radio,star,listen,50647,41553,other,whole,front
far,save,might,right,century,11690,5493,value,sport,she
mouth,security,fish,mind,candidate,51866,52496,stay,tell,Republican
move,let,forward,out,tonight,19387,22440,oil,wide,include
night,bag,it,artist,nothing,45357,52256,world,maybe,food
know,send,on,number,should,86168,9596,above,ahead,organization
whole,yet,church,beyond,power,98137,13938,us,kid,figure
hair,ready,throw,consumer,weight,52327,8973,study,exist,happen
age,speech,party,actually,full,78238,16006,police,never,memory
piece,manager,Mrs,be,rise,29196,8880,home,box,teacher
style,current,management,I,popular,81568,85224,time,black,sport
ago,line,party,point,family,7409,94770,customer,pressure,some
would,owner,with,newspaper,community,67465,84026,nation,truth,interview
develop,Mrs,get,budget,billion,65881,82157,test,east,mission
stand,note,tend,race,should,20838,99569,herself,long,challenge
successful,seem,political,compare,notice,89627,64966,education,relationship,respond
attention,provide,when,easy,step,7270,10253,remember,old,economic
pick,environment,use,executive,amount,19558,82497,near,item,must
itself,but,understand,stuff,social,16041,49041,rather,case,during
sign,old,computer,day,authority,77190,49807,language,technology,while
class,letter,Democrat,history,majority,38373,8541,letter,point,rate
indicate,sort,despite,push,me,45968,52535,court,human,sister
pull,some,paper,organization,stage,45704,2581,security,alone,box
especially,sort,tough,involve,animal,68894,99705,actually,action,cultural
hit,back,movie,long,through,89200,76886,argue,bag,seem
single,state,change,now,important,92432,36255,professor,nature,suggest
on,eight,soldier,positive,church,50254,86427,executive,best,certainly
there,shake,character,hard,this,91496,30,current,but,sister
all,in,effect,word,heavy,44657,11604,recently,coach,far
government,sing,behind,Republican,paper,95938,90059,player,new,through
do,worker,popular,prove,bag,18680,71995,floor,bring,product
specific,they,listen,buy,message,98826,28629,pattern,especially,mission
carry,mind,again,I,little,96126,1981,film,process,kid
wish,court,impact,decade,knowledge,8209,28606,never,almost,alone
have,learn,federal,its,which,25534,57243,do,read,door
program,heart,sure,believe,want,45306,80744,hard,fund,get
debate,when,our,form,return,36986,43968,reason,question,home
easy,state,behind,feeling,cultural,3858,79238,term,themselves,view
author,send,ask,watch,ability,57019,48971,time,light,history
material,eight,personal,industry,impact,25995,19727,seem,sometimes,speak
daughter,yet,major,capital,manage,76417,60726,sometimes,why,like
paper,music,dinner,white,fund,88652,59816,early,interest,everything
item,fact,any,drug,key,40683,72446,could,face,parent
wife,like,successful,letter,movement,93165,45020,meeting,amount,guess
of,camera,forget,order,tree,11669,88553,remember,should,though
since,maybe,hospital,certainly,administration,11400,77899,final,the,everyone
threat,including,hot,become,form,35671,7458,front,natural,have
walk,future,morning,receive,member,47712,48934,mouth,bar,record
anyone,kind,item,last,feel,43342,28808,name,be,news
instead,gun,however,voice,four,72214,62013,past,town,season
wish,concern,suffer,mention,no,18313,6686,open,drop,maintain
material,size,man,national,happy,80144,83123,line,require,hundred
modern,discover,do,force,place,76660,92136,experience,address,various
perform,here,reality,tree,give,29564,16054,pass,nearly,this
heavy,the,build,food,drop,36174,82614,series,wish,write
mission,her,season,chance,along,64339,82638,method,purpose,later
dream,season,base,parent,same,14545,39895,sense,class,wide
trial,beat,talk,several,office,62603,22042,nice,compare,walk
address,thought,as,culture,trouble,49706,16140,word,expert,region
player,soldier,take,join,claim,98795,7713,service,cut,summer
public,know,job,environmental,even,50104,30265,up,wonder,gas
firm,vote,create,meeting,if,87553,4783,occur,million,Republican
be,animal,business,hour,else,50023,73446,thank,step,avoid
sister,may,result,offer,statement,98903,94147,teach,receive,figure
future,design,director,road,action,14044,85581,value,debate,science
rock,population,site,yes,exist,39686,34056,food,hotel,these
million,design,specific,different,police,44,94334,administration,start,performance
pick,story,whether,service,throw,39471,10688,wide,start,interview
music,loss,gun,from,growth,42883,93440,decade,last,wide
allow,church,five,near,since,18561,10074,blood,role,gas
mind,wear,edge,response,group,92583,72960,south,room,watch
agent,machine,animal,college,remain,10303,20362,today,candidate,natural
parent,know,about,strategy,life,11844,61219,happy,carry,begin
their,inside,benefit,stop,inside,2323,16647,hair,any,government
service,himself,form,cup,agreement,70433,306,in,happen,evening
develop,describe,street,check,form,48716,43107,interest,my,positive
statement,measure,evidence,wind,guy,71900,12808,short,my,really
reflect,ahead,customer,charge,whole,62238,52056,article,strategy,great
share,order,either,soon,interest,83008,57416,nearly,particular,like
never,hold,real,doctor,dream,34134,75863,none,sister,person
everyone,he,right,bit,wear,4036,94334,thus,wrong,head
almost,decade,leader,reality,school,42155,68228,fish,through,standard
few,out,authority,big,often,496,6393,where,someone,perhaps
road,spend,task,every,mean,8257,62151,station,quite,specific
job,east,official,subject,benefit,84464,44861,such,push,change
involve,play,something,recently,all,67695,2317,must,entire,style
friend,both,peace,drop,similar,72461,10612,house,total,end
thank,recently,part,out,exist,44003,50975,inside,see,together
yes,health,yes,young,specific,32070,66257,inside,long,improve
test,ground,plan,go,investment,38466,5980,choose,cell,hundred
explain,shoulder,get,have,consumer,65890,58734,detail,like,discover
until,for,suddenly,cell,music,94943,92535,brother,anything,yourself
near,admit,institution,ready,none,61119,78461,compare,have,every
inside,strategy,fund,push,deep,62028,96821,no,within,education
like,off,out,financial,career,96297,80793,analysis,drive,east
cell,significant,long,performance,animal,69251,10248,catch,spring,quality
term,nice,wrong,pass,economic,74875,44857,staff,seek,action
wish,number,drive,part,girl,15507,74797,after,sister,inside
close,beat,range,tough,war,77961,34657,central,movement,position
window,my,them,perhaps,chance,34128,30872,shoulder,a,ask
economic,do,alone,knowledge,interview,14468,99391,street,quite,value
source,condition,these,year,total,57190,58021,accept,coach,learn
computer,capital,rise,school,back,78611,2463,life,team,board
loss,specific,entire,answer,science,29653,89880,together,edge,lose
Congress,agreement,give,forward,camera,15512,57676,common,TV,individual
model,base,white,product,two,49340,92642,agreement,meeting,difficult
light,central,significant,their,society,13100,15489,within,response,bring
Republican,two,morning,although,half,7585,68781,wrong,couple,want
step,ago,couple,catch,see,11192,39182,collection,station,smile
believe,term,station,any,argue,5584,33164,assume,whether,because
hospital,capital,hope,develop,speak,30935,29974,model,book,say
good,modern,hard,significant,magazine,10571,17714,pass,city,order
just,reason,including,part,material,59484,39295,lay,partner,century
trip,subject,TV,more,whose,38382,41893,stuff,management,song
until,everyone,affect,attorney,onto,58358,84975,play,continue,choice
from,begin,practice,summer,organization,26362,73017,cost,not,call
nice,early,often,ground,amount,19495,90198,win,soon,let
else,rich,sea,interview,candidate,42369,60745,likely,number,international
close,party,character,available,watch,29087,58553,low,person,long
strategy,today,entire,big,always,42797,60717,group,eye,exactly
source,behavior,this,goal,week,35104,79490,home,still,play
that,long,use,organization,sign,85235,39757,daughter,need,boy
partner,article,receive,others,while,40769,1403,morning,community,star
support,finish,eight,million,hit,62143,25921,stay,woman,market
teach,program,believe,serve,series,1731,41181,response,American,movie
view,campaign,television,former,doctor,47175,14169,artist,foreign,end
court,way,boy,answer,give,94691,50499,collection,sister,size
later,democratic,girl,successful,remain,28774,72496,over,hold,fly
some,prepare,shake,science,something,81752,19871,maybe,admit,vote
quickly,impact,answer,morning,could,63136,22637,here,case,middle
discuss,medical,computer,difference,bit,919,78053,price,answer,brother
together,financial,eat,we,letter,87434,89568,the,light,another
national,drop,well,discussion,south,21697,93295,most,way,church
approach,wear,traditional,clear,call,5427,73514,heavy,whose,movie
each,you,ok,enjoy,show,34334,55518,oil,national,same
magazine,east,plant,act,section,88782,72936,would,fight,yard
product,us,everything,lose,when,47534,86141,media,difficult,fill
car,race,candidate,national,white,45475,52840,the,arrive,they
decide,wish,along,history,daughter,93089,2315,evening,choice,behavior
single,factor,career,with,oil,69459,54484,goal,grow,peace
study,collection,strong,white,this,60522,24959,suffer,two,save
happen,next,two,expert,check,49413,82036,similar,run,serious
single,conference,management,budget,among,97020,34331,must,cost,tonight
wish,trouble,car,else,adult,27054,73767,agency,feeling,decide
they,indeed,individual,still,player,38881,87907,people,just,stuff
most,will,charge,account,learn,63625,144,attention,figure,during
have,face,decide,our,administration,49744,79593,laugh,here,direction
send,eye,film,hot,best,18090,61297,business,our,movement
research,reduce,quite,near,kitchen,59730,66952,institution,marriage,half
southern,pretty,president,market,ball,26402,20471,kid,whose,service
sell,nor,challenge,a,crime,11331,61824,magazine,age,film
tend,seek,world,agent,anyone,82550,82107,other,economy,talk
house,build,bar,police,war,51347,61811,writer,look,view
bag,power,write,become,quality,85756,40105,music,guess,money
avoid,ready,a,off,crime,80241,64110,evening,leader,read
son,assume,mouth,goal,heavy,30825,3043,practice,national,cause
either,theory,light,night,yet,97780,14483,believe,affect,million
natural,ready,explain,nor,leader,26741,28503,country,letter,artist
staff,benefit,body,win,explain,93501,63054,stop,environmental,believe
it,condition,suffer,one,general,35320,50795,today,near,your
less,budget,nature,big,note,15713,48033,claim,hand,approach
process,entire,run,occur,doctor,37280,62669,win,provide,while
team,instead,south,once,structure,23630,26175,street,they,prove
space,event,black,store,when,47716,56021,take,history,happen
seat,task,series,social,test,54496,9391,forward,entire,public
he,leave,white,live,thousand,49146,85021,break,cover,law
agency,next,human,citizen,wonder,87790,74122,also,best,major
institution,war,improve,because,kid,36170,23333,affect,situation,next
low,laugh,subject,sing,stay,49090,7470,adult,guy,democratic
politics,where,bill,billion,adult,99494,7571,analysis,question,now
new,red,as,seven,animal,7262,76895,here,national,nature
start,white,issue,morning,cell,92131,97716,race,speech,energy
its,buy,too,politics,economic,88307,47824,foreign,worker,set
challenge,size,economic,next,read,11828,68564,success,leader,something
me,could,grow,family,wide,6201,64406,strategy,happen,training
present,would,hundred,whatever,explain,93783,86661,home,between,tell
seek,next,development,office,hour,49520,17497,officer,catch,risk
ball,agreement,ever,miss,participant,4807,5353,where,recognize,never
bit,only,explain,sound,war,4260,76840,old,fast,husband
open,his,him,determine,glass,11885,88193,prove,information,push
thought,field,nation,entire,tonight,86867,57944,voice,data,there
ok,fill,evening,interest,reveal,64275,13950,serious,life,this
official,beyond,direction,name,pattern,93909,72622,sometimes,here,interest
party,clearly,past,week,across,52727,17996,crime,term,around
institution,street,add,also,key,36133,51075,ability,control,old
mission,start,just,but,east,91428,20639,establish,yeah,thing
anything,blue,few,enjoy,across,45629,12979,view,wait,less
what,catch,read,better,computer,58887,73000,game,college,reach
any,as,response,health,thus,93381,59987,some,experience,first
behind,force,born,issue,government,37925,42485,wait,remain,wind
security,produce,sign,prove,too,76907,52562,hold,wish,fact
finally,Republican,story,must,although,28073,60974,little,how,among
forget,them,understand,quite,enjoy,33601,62424,ball,wind,popular
heavy,value,rather,answer,artist,27895,91755,color,party,believe
too,financial,involve,laugh,outside,43939,46995,morning,art,guy
change,even,final,couple,many,66951,91215,skill,turn,to
work,model,factor,boy,network,16638,42752,top,address,mind
wall,wife,society,language,interesting,95434,13820,during,unit,site
white,cold,mission,number,spring,72409,25973,know,on,run
dog,yard,college,adult,series,96082,29976,along,fall,author
religious,white,key,we,now,118,85201,present,detail,card
today,first,hot,identify,no,9239,84494,case,education,specific
trade,west,suddenly,save,factor,11361,83594,game,alone,although
animal,quality,accept,very,car,94457,24021,than,wind,product
media,land,check,including,home,29043,93703,parent,environment,minute
law,share,hope,sea,test,18808,41553,may,great,region
page,direction,station,expect,long,8253,43278,huge,wonder,style
tough,charge,reflect,five,off,42312,59965,officer,daughter,well
decision,light,animal,gas,medical,87904,91430,reach,war,top
board,on,another,reflect,voice,36301,99213,floor,rather,design
chair,address,large,policy,beyond,69501,56574,generation,white,many
industry,job,girl,unit,note,71570,46440,month,fly,run
four,election,include,time,region,39937,2057,religious,nature,writer
see,hit,free,resource,state,83131,15139,American,say,senior
bad,again,consumer,successful,glass,47732,59156,through,similar,government
keep,picture,might,air,language,19802,286,lot,subject,information
beyond,soldier,big,book,actually,8190,49253,process,keep,start
meet,over,policy,fish,win,63205,6932,nation,stay,write
goal,article,soon,clearly,education,53219,58012,tax,parent,organization
ready,against,off,shake,fall,9788,86266,set,draw,page
themselves,her,me,phone,relate,26224,6743,best,her,daughter
have,hospital,west,per,consumer,38236,66152,money,something,ago
something,open,each,civil,water,99480,82317,carry,carry,purpose
become,cost,require,project,natural,50833,20772,its,lay,central
scientist,property,there,realize,win,86482,61939,learn,significant,run
arrive,free,bed,care,product,14221,42005,budget,line,lot
speak,election,over,power,should,5058,78662,purpose,decision,history
consumer,society,course,owner,interview,32161,82382,throughout,dinner,big
herself,eat,win,forward,company,93429,37023,claim,budget,above
possible,alone,free,arrive,practice,92402,57618,kind,member,dark
individual,bill,allow,smile,foreign,3735,1070,money,in,develop
interview,expert,thing,movie,result,58147,12893,other,newspaper,again
space,technology,future,several,sometimes,14750,46328,strategy,prevent,son
often,everything,nothing,say,measure,63007,77056,political,recognize,child
fund,ability,indicate,gas,view,5078,71561,man,above,side
fire,there,decide,mean,human,44952,68321,realize,city,increase
administration,pattern,quality,help,serve,6100,69047,state,traditional,successful
none,soon,name,move,fill,15539,57003,school,boy,war
industry,account,serious,interest,here,30757,61361,information,compare,top
social,yeah,agreement,show,side,82684,49245,team,happen,take
friend,rise,every,fly,if,60532,36096,site,part,blood
agree,treatment,avoid,serious,you,37287,83593,generation,his,yes
girl,item,even,purpose,anyone,76527,61486,senior,bring,spring
it,research,old,remember,to,34026,40156,member,source,conference
give,fly,exactly,travel,month,9139,78405,doctor,window,probably
such,all,water,inside,face,86033,59433,parent,rest,world
seat,news,today,democratic,most,70410,98224,writer,finish,nation
important,their,will,form,himself,79958,85915,free,PM,team
network,hospital,sure,detail,least,8706,64612,either,view,tax
rate,rock,just,the,dinner,66137,52191,key,hit,look
painting,exactly,might,race,form,6843,41696,language,friend,budget
agree,wear,late,rise,manage,99274,27138,behavior,walk,door
boy,table,company,industry,mention,40558,24955,quite,protect,TV
pass,third,onto,find,serve,94830,86521,dream,push,fish
six,manager,team,tough,my,77702,53903,account,lead,more
season,control,consumer,tend,rock,80469,29385,meet,health,choice
everybody,fire,time,fight,follow,51508,86868,resource,office,little
nation,owner,audience,without,again,4425,77527,painting,we,thing
grow,staff,unit,toward,agency,30549,40902,minute,partner,sit
most,century,event,perhaps,require,69261,46305,lot,magazine,final
consumer,she,investment,sing,find,87882,82438,care,source,child
fear,edge,need,meet,it,43488,80285,official,exactly,house
themselves,hotel,responsibility,price,civil,16723,12313,surface,yet,mind
reflect,pressure,popular,well,final,67327,24883,maintain,pass,ready
certainly,might,bring,with,fall,52971,15435,part,process,somebody
this,to,arrive,evening,a,37167,12425,get,yard,office
month,meeting,same,gas,blood,13271,82740,to,yeah,recently
build,career,wind,produce,participant,65090,53479,physical,run,sit
certain,structure,street,professor,good,54234,36253,it,management,need
several,common,military,meet,power,48618,77937,TV,there,us
action,media,outside,nice,simply,87185,88621,fall,have,term
start,authority,performance,heavy,building,45703,82601,available,agree,food
south,summer,strategy,watch,property,72366,56177,region,voice,like
subject,job,eight,card,common,49581,70946,agent,decade,maybe
effort,white,once,name,wide,90238,21614,meeting,skill,him
guy,poor,mouth,hour,result,890,78625,others,his,box
capital,half,none,eight,discuss,50812,22985,moment,deep,view
themselves,town,accept,side,experience,51443,48484,table,large,card
dinner,operation,single,argue,strategy,90372,60169,southern,range,want
institution,plan,ground,know,subject,10392,52451,agent,high,nor
watch,art,phone,kind,about,29259,29676,produce,sell,standard
including,health,age,sound,authority,38894,92656,story,offer,guy
capital,simply,girl,place,mind,9951,80994,age,south,heart
condition,free,threat,individual,there,7096,31336,fish,make,success
instead,positive,this,land,successful,46992,83812,federal,successful,happen
now,modern,knowledge,section,newspaper,44269,94461,political,career,under
now,bar,rest,step,fear,70420,71409,line,bag,old
training,call,entire,finish,last,67134,59814,fine,else,be
technology,activity,cold,last,at,80701,96749,grow,though,image
yourself,finally,response,area,business,3262,56603,professor,trial,style
position,treat,show,or,up,25195,63113,school,wide,water
close,cell,once,American,billion,82958,850,how,hair,foreign
artist,matter,day,live,yeah,95069,43694,just,meeting,second
candidate,mean,computer,painting,better,11207,38024,do,number,last
drive,thus,per,possible,second,95880,27686,check,gun,tree
hot,building,produce,material,or,42355,53551,plan,Congress,it
in,whom,important,nearly,language,71135,49026,relate,environmental,impact
radio,machine,argue,side,to,81998,37622,once,mean,without
painting,blood,state,relate,perhaps,10253,83285,language,authority,pressure
care,allow,medical,wind,join,83217,76004,official,yeah,future
apply,specific,adult,need,turn,70586,68796,help,manager,cover
threat,than,available,human,senior,31623,270,case,feeling,per
new,black,guy,view,score,81592,52626,goal,age,probably
onto,look,budget,loss,pattern,17070,13539,majority,your,when
simply,book,prove,discussion,together,24449,20112,rate,make,offer
describe,hand,event,teacher,try,64107,76340,particularly,boy,line
movement,force,mind,hold,management,81397,91435,leader,good,term
major,theory,single,according,risk,23107,41210,research,amount,enjoy
sure,window,group,will,push,51706,59395,despite,decision,five
finally,former,pick,organization,foot,75707,46707,decide,write,possible
right,general,rise,simply,protect,33699,717,attorney,east,fire
than,play,month,state,off,82791,20765,shake,water,drug
truth,expert,leave,song,fund,4722,33208,recent,here,together
include,black,cup,understand,already,32271,28870,develop,another,bank
some,range,she,still,see,55927,52649,government,long,thus
want,growth,this,suddenly,special,7794,26499,away,interesting,instead
garden,scientist,close,test,today,53369,63257,member,break,example
song,consider,central,knowledge,glass,76139,42850,hundred,control,morning
then,several,range,buy,whatever,92871,66856,personal,already,class
around,a,treatment,song,every,64903,34092,art,indicate,any
term,economy,picture,challenge,pass,59478,15436,street,senior,large
thought,career,professional,card,political,35271,97345,war,bank,wife
through,her,save,green,specific,40304,36907,true,likely,activity
watch,authority,bag,likely,music,35759,95810,inside,try,economy
film,major,middle,policy,customer,7078,68674,detail,standard,recognize
high,require,imagine,third,state,66861,37567,specific,social,easy
organization,name,direction,hear,red,5496,88704,small,their,vote
develop,exactly,nature,center,before,80836,18610,health,rest,daughter
sometimes,he,fast,thank,administration,11436,27565,three,reduce,news
clearly,already,allow,two,involve,15159,86462,later,control,particularly
around,term,win,face,traditional,18201,29602,rather,particular,marriage
full,act,many,must,quickly,14275,53444,decision,agent,but
become,among,fish,appear,only,54515,24885,could,only,figure
tough,fish,speak,establish,your,61561,55338,prepare,tough,at
from,sure,city,fly,good,94700,20984,ten,account,big
vote,line,some,letter,hot,46088,30208,by,camera,bar
federal,maintain,thank,price,sister,87216,34339,impact,thus,call
skill,necessary,whether,answer,decision,32630,57181,standard,table,order
letter,something,phone,image,discuss,87788,42788,physical,size,employee
yard,despite,pattern,our,then,79788,51500,laugh,adult,project
culture,paper,science,bad,field,3158,79018,claim,there,smile
turn,right,grow,car,tend,71477,87971,site,remember,up
see,party,society,speech,mind,12724,40362,billion,fund,safe
simply,deal,prove,treatment,best,63259,67929,at,several,make
throughout,record,around,economy,national,93319,18453,pay,technology,number
this,technology,make,determine,newspaper,26321,90699,condition,stay,my
stop,hot,show,what,administration,21548,31853,region,wide,whether
across,upon,two,participant,assume,13839,69692,simple,room,notice
federal,son,check,affect,city,66912,74032,we,movie,center
free,work,step,second,message,26204,858,or,fast,per
leader,line,analysis,whatever,wrong,19559,59467,establish,offer,other
draw,old,population,stuff,trip,14267,52514,away,mouth,hot
tell,cell,clear,another,eye,81681,33052,degree,color,program
break,last,born,quality,generation,14269,44128,left,opportunity,seven
small,range,of,prove,order,18680,2190,best,leave,word
price,word,industry,husband,half,87923,76043,whose,reduce,remain
than,agency,sea,suggest,stand,73316,51857,administration,away,tax
note,girl,voice,traditional,almost,22232,80538,red,executive,bag
however,treat,case,southern,figure,17805,8290,actually,ground,success
always,create,degree,growth,green,21946,40615,environmental,establish,building
decide,land,kitchen,owner,wear,95159,7802,product,buy,simply
short,college,stage,reason,end,55825,18291,role,matter,win
job,dream,long,with,itself,67046,63979,top,religious,purpose
bring,wish,up,campaign,leg,74051,87094,paper,look,especially
share,determine,over,total,indeed,98775,94502,safe,cup,push
thus,tree,want,major,store,93150,39690,region,similar,hour
want,nearly,answer,church,whatever,19015,85588,about,oil,food
day,trouble,later,so,themselves,45079,33354,society,throughout,add
once,enjoy,but,people,society,11776,33531,ever,up,center
show,week,anything,evidence,response,69941,70966,test,democratic,surface
do,ago,decide,speak,effort,86973,59685,blue,there,fish
sport,serve,attack,oil,fly,70132,67470,build,rate,material
middle,job,top,window,wrong,353,42467,determine,high,its
crime,participant,bill,answer,particular,31704,296,describe,sometimes,after
hot,environmental,consider,keep,fly,16629,35590,open,apply,good
reflect,student,full,develop,whether,95192,5665,prevent,form,individual
manage,heart,body,always,training,70160,87369,through,indeed,would
role,region,quality,administration,stuff,64282,43058,toward,interview,left
simply,present,without,hospital,detail,44399,37325,phone,wear,administration
tough,several,dog,million,song,43725,92841,note,call,present
ground,kid,hold,own,data,11938,61336,amount,customer,executive
house,blood,baby,full,common,43238,53498,close,exist,exactly
operation,everyone,against,answer,just,73186,88023,benefit,medical,carry
sign,use,use,religious,sell,99434,12234,practice,game,tax
deal,most,tough,something,foreign,53343,25119,by,long,dinner
pattern,area,various,bed,create,30309,79488,these,me,account
write,peace,ask,example,early,65897,71223,raise,under,surface
often,four,seek,exist,wear,2028,66346,new,your,player
least,call,where,enjoy,design,17731,28317,little,six,effort
society,sell,animal,senior,certainly,37533,16157,soldier,he,site
page,response,box,improve,baby,33138,44302,international,Mrs,wife
goal,draw,use,rest,weight,42831,17999,step,between,product
card,mother,design,feel,billion,39889,57631,design,tax,teach
mind,raise,civil,possible,responsibility,80965,46115,fish,long,also
building,hold,thought,particularly,worry,13521,35607,save,foot,early
turn,set,food,poor,kind,49715,61885,card,thousand,wear
student,throughout,bit,conference,hand,68112,46479,team,this,animal
stay,effect,from,full,per,50130,32375,evening,heart,and
tell,wrong,nature,class,enter,21701,98277,moment,exist,mention
medical,trouble,ball,front,heart,48376,78819,boy,coach,put
argue,make,along,boy,hold,6563,60986,remember,remember,guy
chair,build,wonder,his,thought,86304,8909,first,start,people
decide,full,personal,reality,end,37615,55007,order,it,sure
wrong,as,hour,price,society,13605,60497,political,tonight,election
section,plan,why,home,whose,28690,22734,response,through,machine
decision,word,long,ever,notice,3580,31402,scene,open,seven
help,deep,fish,really,wide,76706,10959,road,yeah,however
strong,look,possible,most,single,12765,95299,order,standard,next
yeah,voice,difficult,yourself,where,69869,55488,short,shoulder,doctor
woman,place,spend,race,magazine,76801,21911,second,somebody,level
study,factor,accept,red,successful,92851,54015,artist,prevent,require
much,series,suffer,expect,tell,64684,25325,career,example,choose
season,main,type,area,edge,97815,97272,establish,front,red
realize,there,pressure,find,occur,24471,96042,record,indeed,share
budget,new,wall,charge,main,79251,42071,eye,car,hope
since,order,us,east,suffer,54865,38454,myself,film,great
sister,study,high,war,to,95707,27738,able,political,present
compare,name,environmental,environmental,nature,91284,29027,suddenly,science,out
heart,little,test,energy,night,64250,76652,mind,best,performance
close,enough,least,idea,black,31293,58267,field,baby,service
traditional,film,yourself,almost,agreement,94012,24045,performance,rich,decision
sport,become,want,know,situation,17490,17663,discussion,sport,grow
light,vote,yes,near,serious,53101,35832,year,partner,building
realize,specific,water,pick,capital,99769,29233,all,authority,well
concern,see,feel,crime,condition,30493,16224,control,interview,west
end,country,executive,wear,rule,8577,89727,like,marriage,position
method,side,enough,discussion,member,84843,73245,both,heavy,ahead
these,walk,old,appear,decade,532,67848,fish,southern,play
training,more,understand,soldier,hot,22518,83172,window,might,month
town,thought,year,seem,usually,23094,38373,leg,attention,investment
amount,machine,since,idea,democratic,57693,77769,expert,television,perform
fall,happen,lay,method,present,22607,35528,day,cold,meet
serious,attention,community,position,ok,84842,82295,certainly,hot,coach
weight,fear,society,movement,almost,12454,4,total,evening,effort
she,series,vote,small,he,62840,76767,hot,however,week
site,produce,trial,produce,cell,14422,48345,chance,majority,letter
leader,board,thousand,beat,game,20641,99270,employee,campaign,success
staff,treat,participant,hour,decision,54812,72356,off,executive,itself
to,newspaper,statement,pull,cup,26528,39940,now,treat,drop
late,training,but,party,likely,95160,55084,attention,society,return
address,moment,hard,person,financial,79476,14380,morning,long,range
peace,long,light,police,both,58421,45347,draw,determine,anyone
morning,rock,key,already,everybody,90200,95380,land,if,sport
look,similar,office,country,add,41568,19645,whom,true,find
her,could,amount,here,rise,59894,75298,discuss,lay,maybe
table,against,blood,upon,bring,83287,88714,best,take,note
ten,serious,same,figure,physical,1637,45279,some,art,little
alone,successful,final,reflect,range,82618,67418,particularly,blue,say
never,design,ago,agreement,color,96648,77298,worker,by,prove
very,most,similar,position,station,50076,66063,nearly,simple,compare
professional,buy,north,country,option,66350,8060,exist,east,their
specific,research,fish,here,if,21352,384,necessary,media,nation
management,fill,south,behind,level,19745,78021,today,system,age
government,part,leave,value,hear,51429,46311,bag,cut,or
firm,stop,do,consumer,stage,30309,22713,often,read,society
send,cultural,word,couple,type,62623,37007,different,others,seat
important,my,only,service,spring,98309,74249,upon,activity,past
account,wish,success,expect,market,88080,6053,impact,respond,see
song,usually,country,drop,half,28907,20136,life,green,despite
describe,point,decide,rest,as,52910,78997,left,together,Mr
music,movie,central,newspaper,police,81291,77340,about,necessary,cup
and,attention,pass,area,laugh,8032,11474,feeling,himself,project
my,top,range,world,car,54211,10508,defense,we,would
sort,life,house,in,sister,65907,21413,him,involve,address
role,half,bit,watch,listen,53045,56624,reflect,find,themselves
establish,around,person,we,cell,46599,58046,people,tend,never
environmental,fund,service,authority,respond,88245,69155,along,your,walk
century,tell,lay,image,student,10184,5770,if,soldier,year
financial,traditional,opportunity,whatever,success,97988,18785,forward,owner,way
name,already,product,ask,body,87384,82853,official,discussion,start
us,herself,owner,sign,church,73024,54950,west,some,only
than,official,want,doctor,machine,37542,4826,stop,lot,feel
citizen,dark,out,political,pick,19586,93904,which,ahead,war
measure,source,pattern,whole,agent,32549,9970,difference,age,fear
cup,role,detail,institution,avoid,44007,61808,actually,vote,your
without,point,because,itself,spend,72971,77679,camera,property,five
available,civil,organization,drug,start,32885,46419,road,state,true
nature,beyond,case,pressure,now,1731,28834,forget,party,data
its,compare,model,without,change,56119,93862,else,ability,upon
line,open,system,community,simply,16412,3355,side,action,catch
pull,green,nearly,operation,fight,49317,71399,seem,adult,son
according,actually,any,data,wonder,62685,18373,white,change,time
eat,impact,color,word,choose,13235,1120,talk,customer,list
a,stuff,road,career,field,1502,3297,couple,none,yes
leader,particular,peace,current,change,6995,60244,act,alone,technology
drive,by,specific,top,never,75527,19375,miss,reality,everybody
buy,shoulder,window,attack,successful,14924,34968,Republican,reflect,my
main,commercial,make,card,certain,10041,27064,machine,century,imagine
air,bill,join,vote,impact,67446,36385,large,impact,audience
range,leave,young,road,investment,46459,30115,yet,nor,what
always,seem,evening,smile,finish,77486,53051,others,land,movement
bad,season,have,enter,wife,38176,43159,inside,writer,program
civil,away,may,size,seek,42459,21267,nice,nor,power
thousand,write,five,room,do,82957,75351,success,imagine,truth
yard,condition,professor,whom,claim,24061,42715,police,peace,participant
maybe,manage,behind,move,growth,37933,35897,wide,father,method
most,provide,late,shake,stay,8518,26640,it,few,usually
bar,opportunity,floor,cost,work,33580,56664,him,look,age
drive,explain,senior,election,final,8439,74599,American,situation,either
response,tough,a,leg,conference,32178,46867,at,save,let
yes,woman,doctor,around,stop,80143,22750,right,the,board
around,son,set,military,seem,89570,85344,herself,talk,to
quite,process,chance,pattern,finally,1723,38703,house,expert,off
job,thank,social,knowledge,hear,2780,27292,better,customer,work
somebody,serious,possible,place,tree,25010,93875,already,week,debate
almost,no,always,election,back,47126,37149,laugh,marriage,human
consumer,sure,hold,challenge,home,26251,86027,interesting,collection,letter
standard,common,sea,capital,specific,49830,20969,indeed,treatment,grow
plant,he,executive,popular,institution,95350,28461,since,adult,husband
require,office,cover,from,difference,350,84698,project,majority,happen
cultural,long,sing,whether,leader,44091,82284,our,feeling,arrive
cause,her,spring,age,own,9090,99906,and,example,after
network,often,wall,contain,although,58304,7588,sign,provide,maintain
specific,receive,thousand,ask,throw,70012,69320,home,they,understand
significant,everything,must,information,than,50549,83811,itself,nearly,carry
goal,coach,phone,late,activity,39974,59675,evening,statement,police
than,outside,week,per,state,35924,70344,enter,could,provide
style,notice,sense,example,see,303,37776,difference,PM,bag
provide,lawyer,kid,science,evidence,5805,82843,new,share,south
skin,unit,action,do,weight,75376,75265,society,industry,song
idea,military,pretty,oil,drive,33379,9357,recognize,nature,rest
state,before,case,full,his,27325,65256,seem,law,sometimes
early,across,design,prevent,television,25849,76963,yet,teach,cultural
always,film,upon,matter,sense,11209,55018,prevent,expert,home
cover,difficult,why,card,wife,96727,51548,by,watch,response
different,good,or,nothing,and,60129,18576,hope,or,need
director,anything,age,road,only,65300,51940,mention,throughout,factor
include,serious,term,coach,short,11267,94189,degree,place,computer
line,either,good,care,exist,81468,91169,be,or,past
short,social,note,history,I,50437,15797,moment,generation,chance
scene,him,still,father,agent,3105,88201,long,entire,life
instead,result,crime,form,machine,5224,85444,drug,white,leg
movie,for,sense,ball,other,70733,72624,after,someone,this
leg,foot,individual,remain,not,39148,19993,difference,daughter,air
seek,effect,doctor,find,spring,21079,92140,blood,stand,item
serve,president,color,heavy,management,62753,14190,daughter,source,election
describe,natural,strong,address,toward,91412,97705,enjoy,always,sure
offer,fact,current,network,family,95741,50927,fire,all,situation
lawyer,still,dream,case,teach,28046,11165,according,million,benefit
follow,business,discussion,word,method,18418,57634,think,treat,daughter
sell,little,financial,table,evidence,94925,53902,space,fear,member
common,institution,movement,design,cultural,23753,35916,this,run,structure
tend,weight,decade,news,whose,40852,25518,bring,line,who
somebody,born,happy,check,yeah,33544,96706,today,eight,bring
million,new,fast,democratic,accept,28506,24016,book,consider,power
memory,for,measure,much,plant,90967,37571,serve,certainly,represent
bring,home,move,national,cause,31301,39597,study,behavior,let
how,character,vote,go,meeting,53160,95439,environment,police,stop
bag,relationship,build,visit,half,97095,48453,network,yeah,among
seat,product,brother,although,foreign,40149,32289,adult,sound,walk
minute,listen,girl,myself,painting,96860,53066,ball,class,key
cause,carry,surface,public,usually,79768,14343,husband,like,foreign
television,alone,course,partner,item,37750,83388,price,physical,measure
figure,wide,discover,me,cause,62092,7340,would,keep,good
happy,exactly,change,form,effect,73751,2431,Democrat,work,college
force,purpose,per,according,until,71350,17747,myself,affect,six
wonder,trip,role,training,popular,91343,65682,information,trial,cost
lawyer,particularly,value,claim,operation,79347,75369,bar,space,along
out,term,bar,late,education,655,57050,point,future,behavior
point,common,who,loss,tree,54396,82475,stage,now,again
fast,suggest,training,oil,picture,77667,8016,accept,raise,pick
stage,mind,fight,discussion,really,51472,5699,single,minute,two
rise,computer,road,movie,travel,7016,96173,television,same,generation
plant,oil,size,six,power,75646,36321,foot,allow,tax
understand,guess,want,television,beautiful,99283,91474,life,last,man
quickly,many,huge,year,course,9802,84535,everything,church,speak
school,prove,worry,town,behind,77930,76797,according,lot,Mrs
maintain,wall,him,will,cover,83218,74798,consider,forward,none
yourself,stuff,nearly,hold,change,62676,92289,media,property,president
try,strategy,right,our,image,41157,1625,forget,send,current
figure,set,local,full,door,35674,15020,with,involve,indicate
such,look,between,million,movement,31380,68404,fire,instead,be
management,these,beyond,on,capital,15424,69954,community,offer,office
truth,family,usually,way,social,40711,80750,so,country,show
fall,nor,attack,radio,your,40935,6029,international,shoulder,ago
tax,trade,understand,peace,its,97445,99388,begin,as,offer
receive,program,worry,movie,five,42380,8410,leg,deep,media
throw,change,author,interview,raise,76834,95925,case,player,thousand
maintain,tell,person,perform,game,28796,50174,doctor,throw,generation
bit,forward,day,clearly,them,10777,16667,them,successful,amount
protect,travel,way,activity,firm,46733,35443,about,local,significant
become,site,minute,resource,entire,55905,26412,friend,thus,third
sport,worry,site,certain,sell,6011,36804,serious,certain,offer
nation,economy,with,in,section,65979,27170,spring,center,may
collection,ball,very,three,share,20129,27164,performance,PM,store
although,yes,themselves,accept,effort,41191,86188,expert,around,through
meeting,simple,myself,figure,music,25138,58772,positive,explain,she
do,each,little,scientist,lawyer,31084,42621,baby,vote,already
father,structure,laugh,then,school,82373,77905,parent,name,follow
various,sing,daughter,conference,family,89276,20188,than,account,not
scene,seven,develop,other,subject,70995,86981,mean,first,station
operation,anything,fall,can,although,42316,78159,democratic,just,manage
middle,stock,everything,protect,million,5628,64194,own,long,material
scientist,dinner,simply,trip,off,3189,47504,between,claim,article
another,various,amount,must,tree,16596,40379,capital,his,work
voice,summer,over,identify,use,93752,1156,less,social,behavior
character,somebody,public,base,remain,22903,48616,attorney,difference,truth
child,idea,already,use,campaign,85425,11963,time,upon,morning
after,century,represent,rule,decade,56638,23525,certain,expert,board
position,such,career,meeting,growth,68056,2721,spend,send,defense
evidence,player,first,trouble,increase,67958,75557,maintain,during,relate
clearly,certain,into,however,world,53002,10269,example,board,either
month,apply,in,somebody,well,98760,66141,expect,white,business
marriage,fall,measure,appear,when,69847,93961,politics,animal,hundred
upon,factor,radio,Republican,treatment,42383,9517,go,know,strong
deep,wear,law,wall,official,41218,40735,push,couple,beyond
manage,itself,father,hour,sometimes,98893,74127,ability,wear,piece
woman,business,two,girl,bit,66171,99302,teacher,business,speech
them,no,through,use,worker,72220,49577,whose,herself,word
mention,new,order,animal,per,14521,8396,religious,thought,market
defense,final,thought,couple,high,96664,20385,necessary,yourself,help
cultural,their,though,series,case,38495,38473,loss,so,when
raise,region,hand,sometimes,either,11163,9916,study,difficult,remember
PM,rise,occur,difficult,collection,12641,56549,party,left,door
adult,as,list,place,action,82170,76533,laugh,move,also
at,year,no,girl,child,43285,52848,me,present,chance
range,beat,strong,condition,as,12755,80103,six,authority,player
Republican,Mr,moment,order,actually,43813,52052,data,whom,be
candidate,try,economic,natural,too,24373,50427,see,level,when
war,end,center,prevent,responsibility,72180,51465,fine,best,nearly
exist,likely,ground,contain,then,54328,75526,sure,billion,project
national,meeting,medical,full,employee,37408,86593,close,wall,performance
but,standard,him,her,father,97319,92432,check,return,section
western,maybe,street,section,imagine,88358,46694,show,baby,leg
another,top,week,during,ever,31958,41667,series,away,arrive
star,up,commercial,man,image,37112,22747,respond,each,contain
they,game,machine,on,father,61638,61320,actually,western,boy
clearly,along,tend,while,visit,65508,46013,it,next,none
yeah,hit,born,in,here,46994,47881,assume,build,teach
strategy,top,huge,home,put,66884,2734,fine,coach,too
into,wish,space,commercial,say,22651,13648,community,trade,Mr
join,camera,professor,win,main,5858,47522,poor,personal,born
quickly,strong,whole,degree,their,11223,96527,job,six,interesting
office,agreement,heavy,analysis,school,80539,49754,point,federal,marriage
particularly,as,political,drop,still,28353,37139,institution,message,purpose
yeah,site,police,black,body,89402,9543,mean,impact,establish
name,may,others,clear,sort,75364,75255,you,with,sort
together,past,despite,machine,tree,80331,38449,mention,onto,color
ball,police,sure,million,help,65419,86050,right,better,case
scientist,idea,character,adult,soon,54253,55,sit,send,turn
partner,tonight,instead,who,try,35757,82335,range,build,million
example,develop,hair,back,fly,85743,34629,responsibility,citizen,meet
enter,source,not,family,property,31255,3208,before,marriage,during
economy,tell,reveal,from,year,1613,93806,table,trade,strategy
whether,necessary,science,number,plan,43397,46466,major,then,represent
too,prepare,race,focus,member,92711,65,answer,want,system
about,tonight,evidence,them,sense,5326,45996,leader,spring,catch
Republican,design,mind,woman,pressure,83892,29035,dog,art,manager
daughter,leg,city,south,eight,43480,6068,official,owner,discussion
girl,college,his,budget,consumer,66491,41406,executive,trade,discover
carry,pattern,anything,born,design,85438,77254,rather,collection,remain
treat,allow,sure,quite,page,56828,20391,almost,property,stay
ball,kitchen,throw,every,information,80210,23531,add,provide,while
represent,I,notice,address,individual,89707,3014,threat,box,low
tend,over,although,single,region,65376,66978,go,like,apply
born,spring,today,gas,action,80833,65450,cost,stuff,amount
these,because,defense,sometimes,focus,24326,84401,animal,sing,soon
never,learn,note,who,sometimes,1558,30498,bank,order,support
government,end,analysis,purpose,civil,11166,55673,also,star,hear
store,body,question,between,some,99527,34739,do,sing,American
pay,federal,main,hit,new,50565,57980,meet,interest,war
century,now,help,together,their,98013,36718,form,reduce,avoid
pick,south,ball,activity,successful,26308,46066,office,close,computer
hold,everyone,head,century,might,26557,99150,again,rate,player
by,himself,bed,structure,ten,74274,27889,cold,table,media
public,condition,practice,seven,adult,26088,71513,past,knowledge,north
allow,environmental,often,arm,peace,40578,15522,during,another,role
sense,song,tree,enter,mention,57956,26209,how,language,foreign
father,edge,speech,suffer,stay,31465,30997,statement,lay,quality
fly,girl,new,four,wife,14652,74171,strong,seven,project
left,into,although,southern,evidence,29507,69284,hair,I,possible
address,vote,player,itself,sure,31093,40081,say,admit,go
catch,finally,success,anyone,wife,18944,57780,summer,yourself,very
traditional,resource,whose,father,among,78817,12594,material,Congress,central
much,two,person,first,recognize,99401,1859,PM,almost,discussion
up,human,American,six,politics,58996,69824,concern,wife,man
law,teacher,check,offer,art,84916,40723,apply,choice,yourself
job,like,sort,hair,your,97215,64305,sport,recent,until
size,others,her,include,fine,23574,40596,them,high,well
force,sell,stand,color,trip,76098,72066,those,land,trip
suddenly,itself,difference,rise,officer,27625,41414,end,decide,concern
since,imagine,important,structure,idea,38564,2284,red,these,action
source,environmental,act,recent,boy,74372,43308,professional,natural,foot
star,positive,example,garden,reflect,96229,64895,star,student,answer
benefit,guess,performance,discuss,service,29117,21307,not,image,free
heavy,community,cover,official,hand,85493,45590,traditional,team,away
partner,have,make,a,only,468,65326,evening,young,account
between,care,program,she,position,31196,21255,feel,social,day
both,what,since,happen,deep,17060,80387,next,body,bad
enough,laugh,wish,remember,sense,76000,57043,game,politics,but
cup,reach,on,us,character,95265,15589,cover,law,realize
program,off,board,stay,third,24266,65557,onto,street,north
quality,face,scientist,education,environmental,4341,21882,sort,visit,poor
idea,natural,college,either,policy,20978,15177,sign,teach,create
election,bag,myself,question,beautiful,62998,92872,back,could,reach
day,which,nor,same,state,98022,71181,young,gun,door
agent,every,activity,full,crime,87347,80905,approach,the,accept
box,beyond,military,degree,tough,97165,53029,threat,assume,upon
create,bit,worker,mother,memory,17322,58472,however,national,there
staff,once,court,discuss,church,4015,10750,west,wife,process
president,itself,care,apply,full,96929,24519,office,model,close
bill,political,drive,approach,fire,47635,72064,yes,court,ever
set,operation,medical,little,smile,10489,84182,American,have,owner
feel,win,indicate,suggest,to,90227,84314,eight,start,chair
get,blood,third,choose,child,64819,85689,better,them,under
table,strategy,pull,contain,fall,82989,97840,left,religious,other
once,data,consumer,Democrat,Republican,66303,20618,civil,bag,know
majority,alone,medical,he,brother,55520,34499,baby,month,every
speak,ok,study,difficult,ball,3194,86378,language,available,poor
really,avoid,tell,behind,such,81085,11665,stock,kind,green
attention,speak,mean,indicate,will,60250,58601,themselves,special,generation
morning,toward,include,do,whom,423,54057,understand,world,baby
thousand,soldier,federal,wall,artist,68183,55109,moment,range,up
out,may,young,learn,course,69614,29066,ability,choice,thank
let,if,determine,capital,to,10137,11916,owner,that,fight
member,development,thus,stage,dream,51546,15242,movement,now,PM
into,ten,entire,part,walk,30908,38910,material,artist,follow
high,ready,sing,difficult,field,36411,61569,few,fear,star
name,phone,special,fear,surface,85480,49687,discover,age,perform
matter,wall,bar,nor,design,60204,71669,year,about,third
sense,wear,fact,without,home,80664,14300,evening,success,PM
seven,stop,participant,use,us,65887,58160,both,him,message
ground,may,begin,to,social,59968,30006,deal,challenge,standard
too,area,central,memory,each,68231,28091,material,manager,so
area,white,place,human,garden,68551,84270,eye,yet,leader
thought,wind,memory,can,kind,96103,52948,stock,officer,standard
character,recognize,interest,while,challenge,95296,10417,laugh,court,growth
call,appear,baby,piece,question,72254,4398,worker,government,Congress
success,job,without,blue,media,60451,375,occur,eye,risk
pressure,ok,affect,listen,increase,61717,24866,by,ever,participant
sign,between,whom,add,degree,2498,51748,difference,type,few
save,health,carry,walk,heavy,14999,98201,per,finish,matter
run,participant,agreement,situation,role,17199,9434,building,happy,budget
everything,job,imagine,office,cold,77726,23160,individual,have,test
measure,beyond,raise,shake,consumer,60005,92470,citizen,whom,because
staff,stop,can,attention,control,4466,34157,front,throw,end
foot,street,husband,bill,peace,85002,7713,grow,community,bit
American,hotel,finish,give,happen,37035,11575,produce,type,four
sell,true,see,board,spend,91644,6451,program,no,light
loss,none,everything,win,whatever,22199,93706,might,young,crime
across,end,hold,sister,marriage,14013,7619,she,particularly,officer
nature,sense,break,north,size,23011,13800,no,night,note
operation,enter,however,item,forget,76995,66070,identify,explain,task
serious,pull,long,continue,artist,27525,71485,wonder,well,talk
letter,chance,along,course,let,72142,70179,small,hit,create
hot,practice,month,already,institution,9706,44203,effect,truth,reach
wrong,talk,lead,why,themselves,57229,83125,network,certainly,court
summer,concern,strategy,black,build,74632,37443,ten,letter,last
big,plan,strategy,soon,might,1464,54411,experience,appear,guy
hope,call,probably,nothing,thus,39661,35034,wide,civil,stuff
military,ask,however,somebody,blue,2889,46878,party,major,sell
actually,anyone,new,place,call,13629,80006,investment,range,reach
kind,executive,response,range,economy,60948,46267,technology,behavior,name
pick,goal,as,claim,test,50016,25998,building,probably,week
though,deal,language,final,become,32553,78849,technology,compare,evidence
indicate,prove,have,single,realize,78999,61665,present,soldier,rise
ground,young,history,manage,large,5170,37790,task,fear,huge
performance,range,any,indeed,eat,55248,2712,myself,find,half
marriage,could,what,rather,season,30021,37978,those,heart,later
drive,maybe,push,control,section,70363,33303,shoulder,character,stay
story,around,commercial,tree,pull,56413,89581,price,throw,thought
pick,from,society,defense,all,49643,94991,son,image,pretty
always,face,new,poor,ago,71575,438,huge,assume,always
music,describe,tough,present,must,14128,33185,cell,feel,event
myself,exist,recognize,join,year,22952,2775,TV,like,person
house,set,have,concern,consider,61151,99330,piece,tree,heavy
half,camera,class,rich,national,65158,86430,way,this,last
first,throw,stock,play,fine,96254,3619,yourself,bit,him
friend,activity,window,drop,across,38030,84987,drive,hair,someone
risk,everybody,in,political,five,81836,40683,visit,box,owner
walk,enjoy,physical,technology,whether,42886,22080,official,realize,response
song,we,suggest,soldier,as,54616,40192,although,he,name
eye,evening,over,religious,tree,60660,93395,animal,ask,court
level,trial,picture,event,one,54601,14463,industry,help,gas
tough,cause,try,method,try,20823,82609,treatment,heavy,fear
after,he,middle,should,have,68105,13284,body,talk,view
policy,bed,right,rest,then,56004,94354,get,view,money
summer,blood,middle,grow,individual,95614,96222,set,decide,industry
subject,on,consider,tend,artist,90644,36863,voice,store,ever
necessary,change,hair,direction,open,10919,71306,operation,now,between
month,professional,perhaps,book,entire,55153,34279,central,reflect,follow
buy,full,statement,floor,what,68242,91134,address,memory,clearly
common,can,nearly,them,available,77187,9345,practice,over,certainly
themselves,too,instead,reduce,action,44276,44922,side,debate,book
family,something,group,some,toward,86284,51006,open,despite,trouble
sense,suffer,item,talk,election,80946,68369,enjoy,class,too
author,product,about,experience,yard,70150,58442,environmental,place,join
even,water,international,mission,stock,80148,21631,second,step,nearly
magazine,everybody,describe,she,open,17983,54527,role,better,carry
risk,anyone,agency,charge,purpose,15087,10456,social,hold,hold
anything,act,physical,none,free,17915,87,write,right,public
yes,skill,foot,skill,art,7875,8456,any,radio,herself
similar,research,whatever,soon,young,35650,81053,really,marriage,parent
agent,low,throw,current,ground,30763,17054,store,by,nature
weight,with,lose,year,positive,87877,95045,since,civil,doctor
special,ten,share,about,sort,18807,85201,build,as,human
first,energy,resource,yourself,back,61896,34002,simply,listen,thought
left,also,machine,question,Congress,26026,47553,seat,hotel,she
clearly,drug,tell,defense,modern,71233,16257,me,hour,throw
mention,feeling,yet,address,war,76810,56581,listen,sound,pay
determine,away,attention,learn,catch,20805,44711,draw,energy,them
century,design,few,mind,PM,35517,7330,boy,alone,feel
building,get,general,use,child,90587,12896,difficult,strategy,feel
near,improve,win,manager,him,23751,32215,week,camera,those
piece,national,my,tree,television,66779,64773,clearly,myself,chair
explain,care,possible,off,soon,33561,20202,ago,onto,foreign
leader,economy,series,fear,her,11526,54376,investment,course,major
allow,identify,more,easy,serious,4432,14015,forward,some,focus
have,collection,collection,month,community,44466,94177,around,physical,consider
street,yeah,decade,almost,pressure,16897,10519,admit,experience,positive
method,road,say,together,many,5657,62259,likely,play,detail
form,either,realize,like,offer,30244,2321,bad,race,man
character,full,budget,true,door,68535,48564,car,language,sign
couple,price,quickly,kid,husband,15343,20868,story,occur,wide
full,can,indicate,determine,site,50947,14168,task,strategy,themselves
number,street,ok,report,save,97961,61026,serve,sea,party
card,message,find,natural,very,32788,24012,city,left,artist
minute,music,process,south,mind,37273,60524,goal,property,five
future,positive,market,somebody,probably,59455,29337,raise,claim,summer
focus,add,former,blood,national,87243,9073,parent,group,treatment
involve,reason,civil,big,rather,49813,98548,pretty,administration,nice
eat,course,each,interest,several,3415,94572,appear,phone,surface
exist,reveal,spring,suddenly,traditional,99621,77346,imagine,information,surface
oil,rule,impact,trial,ever,3592,43465,growth,remain,interview
drug,tree,music,out,enjoy,82072,72303,still,act,use
trouble,pretty,reveal,middle,school,6463,90800,staff,about,size
finally,south,key,focus,student,3029,74432,bed,however,management
upon,for,modern,step,floor,75998,88913,director,late,decision
range,activity,trade,half,part,28569,46617,most,wear,since
memory,room,have,what,trouble,82044,82184,someone,fast,kitchen
side,some,game,write,member,20871,81735,could,one,director
cut,up,much,despite,six,82839,8799,ago,thank,prove
thousand,involve,its,sea,family,63740,40428,civil,good,be
avoid,up,very,weight,true,79051,88388,probably,popular,TV
sport,quality,between,person,plan,63834,55509,including,late,scientist
note,ago,voice,unit,occur,18839,62443,market,record,just
huge,buy,myself,company,wish,16508,47253,sister,determine,future
who,somebody,front,color,everything,96002,81783,perform,place,space
week,street,agent,head,wife,22322,59300,former,party,today
they,organization,sure,moment,quite,98767,97181,another,sport,home
go,clearly,professor,build,style,3147,17916,college,author,head
edge,leader,scientist,account,establish,13288,66032,affect,spend,court
with,why,just,mind,while,31225,92778,television,heavy,fire
because,bad,point,resource,him,60455,79256,ten,amount,bad
follow,part,seat,amount,research,30980,20599,finally,especially,above
on,know,Mr,may,become,41831,21817,life,when,recent
color,finish,draw,behavior,ground,36624,1018,age,standard,number
happy,need,should,event,everybody,92471,57068,should,place,event
control,add,own,expect,glass,75569,40607,financial,above,hour
month,police,production,seek,agency,29015,87369,authority,tax,he
follow,society,whole,stop,challenge,2608,30328,training,religious,network
environmental,he,hear,list,ahead,63565,56013,sell,bill,establish
interview,paper,employee,too,change,60307,82457,stage,light,white
plan,benefit,attack,technology,wind,95603,579,picture,impact,play
especially,each,guess,whom,turn,74787,88270,particular,design,language
protect,list,seem,accept,thousand,55468,77022,instead,she,space
wonder,particularly,speech,add,buy,93012,59136,PM,lawyer,cup
some,serious,building,wrong,like,38379,40694,thank,true,safe
weight,natural,large,live,where,34753,8392,major,task,guess
teacher,laugh,real,use,what,33524,38236,effect,medical,data
end,arm,sometimes,spring,build,49768,82690,back,them,age
decision,television,data,turn,close,66016,8865,traditional,scene,themselves
arrive,imagine,sit,religious,conference,95656,55171,later,alone,near
pretty,performance,learn,trouble,war,17801,26547,significant,different,system
offer,price,third,simply,win,3802,76688,art,pressure,treatment
natural,generation,design,finish,plant,79595,76813,investment,talk,yet
piece,sister,bad,gas,west,5126,86525,feel,hand,involve
machine,series,its,career,miss,18344,38186,response,prevent,four
authority,run,good,action,morning,93922,28822,much,great,radio
reality,window,sure,example,expect,88871,64911,city,recent,air
policy,ground,sometimes,gas,themselves,83871,1526,his,threat,under
special,sea,agency,record,capital,50751,62426,purpose,hit,on
receive,wide,executive,system,her,47611,68328,identify,tonight,bag
nice,cost,because,experience,here,56908,59231,large,medical,society
reflect,lay,responsibility,street,wife,54122,45073,body,though,television
leg,charge,state,idea,successful,45310,34583,office,easy,wish
pretty,key,boy,director,coach,10643,48732,field,threat,partner
necessary,sell,force,job,agent,56205,55581,push,manage,help
play,by,soldier,financial,institution,24065,81951,character,actually,enough
their,attack,early,newspaper,minute,85905,43157,space,want,act
color,fund,answer,capital,spring,57509,12740,performance,source,life
how,article,although,dream,trial,53550,93890,between,management,ever
trial,remember,dinner,federal,east,4353,25582,about,writer,series
great,actually,character,fish,teach,21322,49089,available,executive,institution
than,put,movie,popular,kid,27566,50932,month,painting,sometimes
address,yeah,level,behind,local,70449,60953,yard,company,blue
military,political,either,friend,realize,56045,32798,who,nature,win
he,door,of,trip,even,68555,78622,national,season,while
last,war,space,tree,bad,34775,26769,PM,find,receive
matter,big,my,compare,so,68187,35775,business,edge,article
Mrs,lead,task,deep,gas,4676,42220,million,none,together
second,wall,increase,medical,through,94665,69056,anyone,pressure,design
rest,while,last,investment,water,43875,38222,by,thousand,can
form,social,successful,evening,instead,82751,1199,attack,experience,summer
management,he,attack,middle,off,53541,63763,tree,fund,sure
authority,series,happy,face,economic,22987,76530,light,great,doctor
soon,boy,statement,peace,believe,19327,59824,southern,term,relate
method,while,avoid,traditional,in,78825,69955,though,truth,nation
none,story,high,design,almost,57550,76787,human,pattern,produce
energy,usually,production,wall,seek,99090,82708,expert,perhaps,gas
value,purpose,first,difference,hope,40536,17179,summer,management,half
member,energy,else,you,consider,22855,46473,military,town,throughout
example,give,small,keep,voice,78136,97354,hope,pull,affect
reveal,senior,trouble,some,tax,637,22522,natural,movement,our
yet,music,performance,happen,low,59755,12949,draw,hope,way
people,management,street,ok,lawyer,79804,75625,we,continue,language
tell,southern,actually,challenge,glass,75296,11510,need,say,in
issue,early,military,coach,trip,38831,83103,might,enter,significant
age,stuff,summer,past,nature,48538,55690,race,another,next
charge,ready,learn,wrong,final,57843,28083,fear,account,wish
modern,expect,poor,camera,turn,23358,84562,listen,result,every
tough,benefit,future,coach,without,25659,94208,your,knowledge,could
might,couple,cut,trade,sell,5958,63726,area,prepare,cell
by,but,social,including,several,63013,49873,find,culture,culture
however,provide,money,cultural,seek,63370,64123,peace,plan,them
call,quite,try,better,could,20439,66371,save,skill,manage
west,mission,rest,catch,actually,54720,33220,specific,work,treat
us,clear,show,music,responsibility,30071,7959,beat,rather,around
cost,event,contain,water,pressure,63861,31964,tree,rich,wide
travel,almost,rule,similar,wife,78435,78924,risk,decision,than
require,region,quite,wear,prove,67214,55470,mind,level,policy
ask,garden,them,trouble,talk,83736,90872,window,really,statement
pressure,use,everyone,carry,trial,17662,17421,free,open,that
who,class,economy,necessary,born,4187,44237,piece,process,arrive
play,huge,guy,every,cup,65947,54405,shoulder,often,when
get,sing,international,ground,feeling,52683,36148,full,really,social
cost,worker,reflect,stage,main,55329,47457,stop,force,born
yet,factor,newspaper,race,watch,9672,61300,guess,nor,choose
budget,big,seven,next,myself,25891,95097,high,oil,best
catch,add,avoid,care,Republican,41862,82820,poor,chair,officer
imagine,technology,current,economic,stand,44666,86015,notice,own,attack
think,issue,room,day,task,76145,37086,top,air,soon
special,letter,my,part,full,93687,32226,foreign,finish,forget
young,worry,full,effort,effect,34660,21211,moment,school,not
land,beat,meet,newspaper,high,63107,19724,foot,reason,small
major,tree,still,into,family,87429,94574,purpose,human,success
thought,watch,meeting,yeah,major,56894,13634,consumer,minute,interesting
enough,any,send,prepare,whatever,12964,6647,fight,pay,most
candidate,though,dream,culture,stay,62994,26373,nor,none,grow
yourself,purpose,note,wrong,magazine,85377,95677,her,interest,capital
since,media,American,yeah,close,33999,87674,take,ability,head
remember,house,central,rich,PM,11265,16078,free,success,week
fine,sense,election,lay,sit,19782,37580,cold,remain,plant
ability,site,popular,deep,serious,83292,69298,race,such,red
like,degree,sit,hand,prepare,47362,8332,election,into,sell
smile,usually,type,see,ago,37418,3941,base,enough,save
body,left,as,may,voice,98961,71391,region,not,benefit
recently,include,similar,base,grow,20617,77210,paper,nation,huge
push,himself,blood,other,market,34864,97817,interview,firm,traditional
occur,less,choose,him,quickly,88449,15822,miss,chair,necessary
seven,last,light,nature,challenge,26456,94918,sign,from,compare
magazine,school,company,official,discuss,93708,16341,speech,too,whole
two,writer,hard,skin,production,54691,45364,rather,already,home
later,forward,garden,even,it,6232,38852,material,tend,land
Democrat,throughout,nature,service,ground,72608,64174,career,thought,fire
focus,ground,media,language,inside,63608,11501,station,site,year
political,decide,hit,degree,whatever,12783,55718,term,really,realize
stage,environmental,to,can,reveal,52514,88968,work,more,left
case,author,support,director,good,91049,66613,boy,operation,provide
case,help,week,can,forward,15578,58143,popular,table,whatever
agreement,with,door,gas,whom,35490,66007,act,when,upon
area,investment,wait,institution,most,11737,94696,show,give,maybe
stay,case,drive,by,first,13069,16871,note,avoid,box
according,ask,international,through,worry,96314,76762,them,result,back
oil,create,now,low,medical,93741,72593,capital,something,well
perform,bad,need,site,sort,55112,85573,keep,wonder,ready
brother,only,them,set,everybody,53413,26280,here,focus,consider
culture,name,baby,situation,newspaper,37223,3732,stage,almost,degree
major,political,knowledge,first,bank,19159,39917,unit,hot,during
shoulder,unit,future,practice,point,59288,60470,story,blue,number
second,front,need,go,laugh,54549,86864,federal,indeed,reveal
hour,quite,policy,Republican,environmental,95801,47781,follow,because,full
seat,however,people,rule,line,2129,61628,use,thank,out
station,father,hotel,important,tree,59913,35190,ability,whether,democratic
win,design,available,quickly,ask,61990,21037,late,professor,school
company,industry,husband,really,thing,25089,71409,behavior,forward,prepare
PM,because,always,coach,firm,62978,93045,big,like,end
world,wonder,research,pick,military,78218,69624,party,skin,yourself
as,meeting,example,ability,cultural,40255,5472,ready,country,ball
focus,whether,entire,scene,method,28636,96041,big,cell,save
miss,many,consumer,generation,bank,21903,12095,Mrs,sit,church
admit,exist,little,law,method,22476,34231,level,assume,state
responsibility,charge,country,gun,continue,64161,19378,enjoy,girl,central
trip,whatever,seat,across,conference,68554,91080,wait,measure,full
actually,probably,often,dream,your,85680,7922,not,interest,these
choose,husband,if,personal,late,17672,98800,choice,late,whom
yeah,step,resource,discuss,level,83938,43638,candidate,pay,accept
generation,case,management,trade,main,68972,85066,media,they,point
reduce,leader,left,keep,vote,70153,97317,training,positive,return
civil,information,young,discover,time,11613,91150,them,bank,produce
tax,central,throw,argue,recent,36879,47999,stuff,employee,sell
red,officer,food,city,if,98228,60996,seem,street,claim
